rate,round,actual_rps,p50_ms,p90_ms,p99_ms,p999_ms,max_ms,non2xx,sock_err,timeout
50000,1,47948.13,1.580,3.010,4.270,6.360,8.670,0,0,0
50000,2,47949.66,1.510,2.930,4.900,11.890,17.010,0,0,0
50000,3,47945.73,1.490,2.880,4.270,11.910,17.610,0,0,0
80000,1,76695.49,1.260,2.100,3.810,6.320,10.310,0,0,0
80000,2,76703.17,1.220,2.030,3.150,8.930,17.260,0,0,0
80000,3,76703.23,1.240,2.050,3.530,7.810,13.260,0,0,0
100000,1,95868.20,2.040,3.990,8.650,14.300,18.910,0,0,0
100000,2,95185.60,1.850,3.470,6.830,13.390,18.910,0,0,0
100000,3,95869.55,2.200,4.150,9.080,16.260,20.220,0,0,0
120000,1,115038.85,1.310,2.340,3.230,4.770,8.470,0,0,0
120000,2,115041.51,1.350,2.420,3.510,8.970,16.960,0,0,0
120000,3,115034.22,1.330,2.390,3.330,5.160,9.640,0,0,0
150000,1,143782.46,1.410,2.570,4.390,10.630,16.170,0,0,0
150000,2,143788.75,1.450,2.790,7.860,13.520,20.000,0,0,0
150000,3,143788.42,1.420,2.620,4.420,10.800,16.010,0,0,0
